<?xml version="1.0" encoding="UTF-8"?>
<project-private xmlns="http://www.netbeans.org/ns/project-private/1">
    <editor-bookmarks xmlns="http://www.netbeans.org/ns/editor-bookmarks/2" lastBookmarkId="0"/>
    <open-files xmlns="http://www.netbeans.org/ns/projectui-open-files/2">
        <group>
            <file>file:/C:/Users/Miqui/Desktop/ESPE/TERCER%20NIVEL/POO/Homeworks%20and%20Labs/Unit1/Labs/Lab9%20Control%20sentences%20and%20data%20types/Lab9_ControlSentences/src/ec/edu/espe/lab9_controlsentences/model/Person.java</file>
            <file>file:/C:/Users/Miqui/Desktop/ESPE/TERCER%20NIVEL/POO/Homeworks%20and%20Labs/Unit1/Labs/Lab9%20Control%20sentences%20and%20data%20types/Lab9_ControlSentences/src/lab9_controlsentences/Lab9_ControlSentencesAndOperators.java</file>
        </group>
    </open-files>
</project-private>
